,ax,ridge,lasso,rf,xgb
backward,"{'RMSE': 1.473677783572708, 'SMAPE': 28.278237685395506, ""Theil's U"": 0.1391116330269857, 'MDRAE': 1.5572013192546943}","{'RMSE': 1.202273429632055, 'SMAPE': 22.533834416635404, ""Theil's U"": 0.11329409867422208, 'MDRAE': 1.4585098620214625}","{'RMSE': 1.1496842555066145, 'SMAPE': 21.414193021805275, ""Theil's U"": 0.10846835408556733, 'MDRAE': 1.390909489057958}","{'RMSE': 1.0007518719131612, 'SMAPE': 19.01697368547891, ""Theil's U"": 0.09677481344506066, 'MDRAE': 1.430205462815408}","{'RMSE': 1.010787085087147, 'SMAPE': 18.46400641037802, ""Theil's U"": 0.09492418700166441, 'MDRAE': 1.0207164795912123}"
forward,"{'RMSE': 1.7226102618693135, 'SMAPE': 28.14504030516563, ""Theil's U"": 0.1652746787988514, 'MDRAE': 1.4829450767176753}","{'RMSE': 1.458414249359014, 'SMAPE': 26.047200864050417, ""Theil's U"": 0.14137272185868663, 'MDRAE': 1.4612293104831011}","{'RMSE': 1.4358262565514852, 'SMAPE': 25.933944431517002, ""Theil's U"": 0.14231667558470756, 'MDRAE': 1.579840083947415}","{'RMSE': 1.0163244661551367, 'SMAPE': 19.366944595294413, ""Theil's U"": 0.09931983392383563, 'MDRAE': 1.2179114973359724}","{'RMSE': 1.0729275461873489, 'SMAPE': 18.922667189295296, ""Theil's U"": 0.1046545583572103, 'MDRAE': 1.0391075634517444}"
hybrid,"{'RMSE': 1.4463885014676738, 'SMAPE': 26.934276133601216, ""Theil's U"": 0.1399317377181711, 'MDRAE': 1.3598462137004839}","{'RMSE': 1.1991715669770044, 'SMAPE': 21.884897521670386, ""Theil's U"": 0.11588832517725153, 'MDRAE': 1.3603171842324064}","{'RMSE': 1.111493481254927, 'SMAPE': 20.26524581209457, ""Theil's U"": 0.10725017607924926, 'MDRAE': 1.3658902519474185}","{'RMSE': 0.9398524404605283, 'SMAPE': 17.68541429000369, ""Theil's U"": 0.09141037757205982, 'MDRAE': 1.174760872527923}","{'RMSE': 0.9480243418289667, 'SMAPE': 17.302133411470898, ""Theil's U"": 0.09250341982121754, 'MDRAE': 1.0306736156962277}"
