,ax,ridge,lasso,rf,xgb
backward,"{'RMSE': 1.5817238121923312, 'SMAPE': 28.24138963926487, ""Theil's U"": 0.14724777653194004, 'MDRAE': 1.4846195233918438}","{'RMSE': 1.2473015067538433, 'SMAPE': 22.218211595826983, ""Theil's U"": 0.1165898037019859, 'MDRAE': 1.3333385786735508}","{'RMSE': 1.080367971183249, 'SMAPE': 19.388909538070735, ""Theil's U"": 0.1019080417359169, 'MDRAE': 1.2961166680562617}","{'RMSE': 1.0569074491861572, 'SMAPE': 19.53990886058791, ""Theil's U"": 0.10168940715218533, 'MDRAE': 1.4114069045787245}","{'RMSE': 1.0607352967569528, 'SMAPE': 18.84594035390055, ""Theil's U"": 0.0987180812371593, 'MDRAE': 1.2186728738475106}"
forward,"{'RMSE': 2.1040783718564806, 'SMAPE': 28.608771888626578, ""Theil's U"": 0.19303781187179483, 'MDRAE': 1.4303451956222946}","{'RMSE': 1.6238725625840482, 'SMAPE': 27.408252713441406, ""Theil's U"": 0.15433158281049242, 'MDRAE': 1.7246498258593403}","{'RMSE': 1.4550397445436494, 'SMAPE': 26.539574144388272, ""Theil's U"": 0.14258959963472004, 'MDRAE': 1.5047617077692041}","{'RMSE': 1.0388952742294644, 'SMAPE': 20.177632653020687, ""Theil's U"": 0.1014269573660812, 'MDRAE': 1.2476917927557214}","{'RMSE': 1.156216315120445, 'SMAPE': 21.976123383236235, ""Theil's U"": 0.11258368114476565, 'MDRAE': 1.9514014782420166}"
hybrid,"{'RMSE': 1.6342506157915457, 'SMAPE': 27.61393389652042, ""Theil's U"": 0.15302880856438006, 'MDRAE': 1.481784488176994}","{'RMSE': 1.3097594008469078, 'SMAPE': 23.66745234240627, ""Theil's U"": 0.12440622293847453, 'MDRAE': 1.451961403521372}","{'RMSE': 1.1343744067008632, 'SMAPE': 20.028129181433847, ""Theil's U"": 0.10944260613197329, 'MDRAE': 1.3507470261253351}","{'RMSE': 0.9903372975156665, 'SMAPE': 18.773508856048878, ""Theil's U"": 0.0959722902151437, 'MDRAE': 1.2471100160221966}","{'RMSE': 1.0342762376660477, 'SMAPE': 18.06385964524678, ""Theil's U"": 0.0978329568323811, 'MDRAE': 1.2651489348488105}"
